id,name,product_id
1,Part 1 - large,1
2,Part 2 - would,1
3,Part 3 - student,1
4,Part 4 - interview,1
5,Part 5 - but,1
6,Part 1 - bar,2
7,Part 2 - machine,2
8,Part 3 - any,2
9,Part 1 - space,3
10,Part 2 - the,3
11,Part 3 - person,3
12,Part 1 - plan,4
13,Part 2 - third,4
14,Part 3 - develop,4
15,Part 4 - positive,4
16,Part 1 - to,5
17,Part 2 - table,5
18,Part 3 - present,5
19,Part 4 - group,5
20,Part 1 - time,6
21,Part 1 - particularly,7
22,Part 2 - base,7
23,Part 1 - practice,8
24,Part 1 - front,9
25,Part 2 - history,9
26,Part 3 - young,9
27,Part 4 - network,9
28,Part 5 - worker,9
29,Part 1 - democratic,10
